policy,delay,delay_mean_s,episode,episode_seed,n_ac,rho,los_pairs,los_seconds,n_aircraft,mean_episode_reward,ep_reward_total,ep_length,ep_los_steps,ep_los_seconds,ep_los_fraction,ep_los_events,ep_flight_hours,ep_los_events_per_fh,ep_exit_deviation_nm,ep_arrival_rate,ep_manoeuvred_exits,ep_exits,ep_mean_drift_deg,ep_turns,ep_speed_changes,ep_turns_per_fh,ep_speed_changes_per_fh,ep_delay_mean_s,ep_focus_hold_steps,ep_discarded
policy,none,0.0,0,6000001,27,5.211004327558727e-05,0,0,27,-0.1049022325860682,-443.94624830424067,4232,20,86,0.004064272211720227,2,158.37222222222223,0.012628477216122355,7.487860438970302,0.9745762711864406,60,236,1.1641480698127187,219,152,1.3828182551653978,0.9597642684252989,0.0,38.0,0
policy,none,0.0,1,6007920,25,8.539162499599113e-05,0,0,25,-0.049123753927743825,-168.3471047103781,3427,0,0,0.0,0,118.67361111111111,0.0,4.982953618945868,0.9782608695652174,43,230,0.6538786907396872,130,74,1.0954415120837966,0.6235590145707766,0.0,46.04054054054054,0
policy,none,0.0,2,6015839,22,9.089051767727325e-05,0,0,22,-0.4222251315562915,-1216.8528291452321,2882,98,472,0.03275503122831367,12,87.80416666666666,0.13666777392872398,10.000695396166858,0.9405405405405406,35,185,2.4673104722444745,221,117,2.5169648365206663,1.3325107958050586,0.0,42.31818181818182,0
policy,none,0.0,3,6023758,16,5.614090721424542e-05,0,0,16,-0.07532166375659148,-245.77458883775802,3263,9,40,0.002451731535396874,1,72.29444444444445,0.013832321524629215,4.615578161375575,0.967948717948718,27,156,0.973365236727957,86,124,1.1895796511181125,1.7152078690540227,0.0,60.79245283018868,0
policy,none,0.0,4,6031677,30,9.161027245685475e-05,0,0,30,-0.2622949783628195,-971.8028948342462,3705,69,316,0.017058029689608636,11,153.95833333333334,0.07144790257104194,9.80473806306862,0.9166666666666666,68,300,1.3128804535279306,275,127,1.7861975642760486,0.8248985115020298,0.0,28.282442748091604,0
policy,none,0.0,5,6039596,30,6.367204922456714e-05,0,0,30,-0.03826360939657556,-150.26119410035224,3927,0,0,0.0,0,163.26388888888889,0.0,4.468452341080671,0.9884615384615385,57,260,0.5429380239962316,175,101,1.0718843045512547,0.6186303700552956,0.0,39.94897959183673,0
policy,none,0.0,6,6047515,18,6.0776304890689046e-05,0,0,18,-0.016576844733196053,-50.95722070984466,3074,0,0,0.0,0,76.64305555555555,0.0,2.1587828299258156,1.0,23,149,0.3302910692147346,82,24,1.0698947139517605,0.3131399162785641,0.0,79.28947368421052,0
policy,none,0.0,7,6055434,15,5.9676586015687395e-05,0,0,15,-0.04742489313556656,-132.97940035212864,2804,6,25,0.001783166904422254,1,58.25694444444444,0.017165335558469424,2.7785487840119703,0.9826086956521739,23,115,0.5256345781105182,78,32,1.338896173560615,0.5492907378710216,0.0,70.86486486486487,0
policy,none,0.0,8,6063353,27,5.582844963546904e-05,0,0,27,-0.03557163531244028,-145.73698987506782,4097,0,0,0.0,0,153.3,0.0,4.669377518908123,0.9835390946502057,51,243,0.6377497337779594,147,59,0.958904109589041,0.38486627527723416,0.0,40.323232323232325,0
policy,none,0.0,9,6071272,25,6.935106141067473e-05,0,0,25,-0.16238757081043043,-613.3378549509957,3777,35,158,0.008366428382314006,6,130.83333333333334,0.045859872611464965,6.912389994545787,0.9644444444444444,49,225,1.2572927054019212,243,112,1.857324840764331,0.8560509554140127,0.0,38.83505154639175,0
policy,none,0.0,10,6079191,20,9.686706663473617e-05,0,0,20,-0.17248766087443135,-441.0509488559209,2557,27,131,0.010246382479468127,1,70.79861111111111,0.014124570868072584,4.445221053858316,0.9636363636363636,33,165,1.1018271758306253,149,66,2.104561059342815,0.9322216772927906,0.0,39.1875,0
policy,none,0.0,11,6087110,16,7.090545193863755e-05,0,0,16,-0.06816369332523085,-196.10694569668917,2877,8,38,0.0026416405978449773,1,63.733333333333334,0.015690376569037656,4.668541586892945,0.9722222222222222,24,144,0.8611561592728749,130,41,2.0397489539748954,0.643305439330544,0.0,72.86486486486487,0
policy,none,0.0,12,6095029,25,5.4635751566909166e-05,0,0,25,-0.030711841949868656,-136.85196772861474,4456,0,0,0.0,0,154.40277777777777,0.0,10.244977539932153,0.9608695652173913,49,230,0.6199661811680561,176,73,1.1398758657911308,0.4727894216065485,0.0,48.34782608695652,0
policy,none,0.0,13,6102948,29,8.97996014105024e-05,0,0,29,-0.11402740786872044,-419.1647513254163,3676,18,83,0.004515778019586507,3,147.68194444444444,0.020313925383942597,7.23359851149392,0.967032967032967,63,273,1.1229690704152284,277,114,1.875652443784033,0.7719291645898186,0.0,30.66949152542373,0
policy,none,0.0,14,6110867,24,7.225792033344514e-05,0,0,24,-0.030930073105858224,-100.83203832509781,3260,0,0,0.0,0,108.39166666666667,0.0,4.291753183466179,0.9797979797979798,38,198,0.6027066338290653,123,72,1.1347735834550627,0.6642577073883293,0.0,41.10126582278481,0
policy,none,0.0,15,6118786,30,6.576649339802706e-05,0,0,30,-0.10667304017146921,-395.43695991563635,3707,14,60,0.0032371189641219314,2,154.12222222222223,0.012976714007641842,7.053297078048973,0.9752066115702479,55,242,1.2320777921142094,182,136,1.1808809746954076,0.8824165525196452,0.0,34.24074074074074,0
policy,none,0.0,16,6126705,27,6.178195181592862e-05,0,0,27,-0.20494483329930005,-850.1111685254966,4148,56,265,0.012777242044358728,7,155.2097222222222,0.045100267559126994,6.7031782125871935,0.963265306122449,56,245,1.3019799084922932,222,220,1.4303227711608846,1.4174369804297053,0.0,43.473684210526315,0
policy,none,0.0,17,6134624,16,7.673893783871535e-05,0,0,16,-0.060104371880619144,-164.38545709349336,2735,0,0,0.0,0,60.580555555555556,0.0,6.585179321133866,0.9436619718309859,33,142,1.4532767354407257,108,64,1.7827502407263056,1.05644458709707,0.0,49.18181818181818,0
policy,none,0.0,18,6142543,22,7.226780431245577e-05,0,0,22,-0.15915134269447911,-522.8121607513639,3285,41,202,0.012298325722983257,3,100.1125,0.029966287926083156,4.470257506226589,0.9788359788359788,34,189,0.6143750228563827,134,52,1.3384941940317143,0.5194156573854414,0.0,59.45454545454545,0
policy,none,0.0,19,6150462,19,5.888784401448484e-05,0,0,19,-0.02235941031131266,-79.77837599076356,3568,0,0,0.0,0,93.90972222222223,0.0,2.8571005083465506,1.0,24,177,0.3920768226283286,98,34,1.043555424092287,0.3620498410116098,0.0,80.93181818181819,0
policy,none,0.0,20,6158381,26,4.847822575301942e-05,0,0,26,-0.024025237202316634,-102.10725810984569,4250,0,0,0.0,0,153.17083333333332,0.0,5.080034500993703,0.9861751152073732,36,217,0.48884188188245686,117,51,0.7638529963820354,0.3329615625255026,0.0,53.58227848101266,0
policy,none,0.0,21,6166300,17,5.701430381926289e-05,0,0,17,-0.03223019574114486,-100.04252758051364,3104,0,0,0.0,0,73.07222222222222,0.0,4.798010323063183,0.9743589743589743,23,156,0.7056247460847085,50,27,0.6842545426898806,0.36949745305253556,0.0,68.6,0
policy,none,0.0,22,6174219,27,4.4774238873528314e-05,0,0,27,-0.0806564766553596,-342.54805635531227,4247,17,73,0.003437720744054627,3,158.95833333333334,0.018872870249017036,5.7876418501301234,0.9817351598173516,48,219,0.7586355329965582,276,122,1.7363040629095674,0.7674967234600262,0.0,41.67,0
policy,none,0.0,23,6182138,15,7.941711257824145e-05,0,0,15,-0.036859904253271895,-91.04396350558159,2470,0,0,0.0,0,51.28055555555556,0.0,4.240608384516991,0.9765625,17,128,1.0312733434473655,74,24,1.4430420887275879,0.4680136503981366,0.0,79.09677419354838,0
policy,none,0.0,24,6190057,26,6.512842724014486e-05,0,0,26,-0.023146597703468864,-82.49447421516304,3564,0,0,0.0,0,128.3875,0.0,3.515188037090693,0.9866666666666667,38,225,0.3813055981991196,87,40,0.6776360627008081,0.31155681043715316,0.0,53.1044776119403,0
policy,none,0.0,25,6197976,23,9.191914932803656e-05,0,0,23,-0.42466722233424603,-1310.5230481234832,3086,103,501,0.03246921581335062,6,98.30416666666666,0.06103505276988938,5.942382075499501,0.9597989949748744,39,199,1.3751541587640859,187,88,1.9022591446615522,0.8951807739583776,0.0,38.59493670886076,0
policy,none,0.0,26,6205895,29,5.801971486739717e-05,0,0,29,-0.088931431508498,-364.79673204785877,4102,14,63,0.0030716723549488053,2,164.87777777777777,0.012130197452658536,7.374822105046889,0.959349593495935,61,246,0.9054749657633437,245,179,1.4859491879506705,1.085652672012939,0.0,30.58955223880597,0
policy,none,0.0,27,6213814,23,8.963640512817955e-05,0,0,23,-0.030133820514348916,-87.08674128646837,2890,0,0,0.0,0,92.03333333333333,0.0,3.0479652524371685,0.9951456310679612,37,206,0.5076265535551879,115,51,1.2495472654835205,0.5541470481709526,0.0,40.81428571428572,0
policy,none,0.0,28,6221733,21,7.911753872348533e-05,0,0,21,-0.19340044889357869,-594.5129798988609,3074,45,218,0.014183474300585556,4,89.39305555555555,0.044746205117847215,4.404883263276142,0.9895287958115183,33,191,0.965128134829277,192,70,2.1478178456566663,0.7830585895623262,0.0,49.77049180327869,0
policy,none,0.0,29,6229652,17,6.323080241592448e-05,0,0,17,-0.018349293837648124,-54.36895764095139,2963,0,0,0.0,0,69.76805555555555,0.0,2.1859814340575863,1.0,17,138,0.4447402186246096,45,48,0.6449943264387953,0.6879939482013816,0.0,66.4090909090909,0
policy,none,0.0,30,6237571,16,4.5937843759634296e-05,0,0,16,-0.01780497822948947,-61.266930087673266,3441,0,0,0.0,0,76.27222222222223,0.0,5.498081259477066,0.9642857142857143,22,140,0.6867705163601592,86,24,1.1275402432806467,0.31466239347366887,0.0,82.04878048780488,0
policy,none,0.0,31,6245490,15,7.243543427813692e-05,0,0,15,-0.02480153338530215,-69.54349961238722,2804,0,0,0.0,0,58.21388888888889,0.0,3.999332221589387,0.9863013698630136,24,146,0.5552840852390276,72,28,1.236818246886482,0.48098487378918736,0.0,77.25,0
policy,none,0.0,32,6253409,20,4.091717418120412e-05,0,0,20,-0.05430927712262394,-211.6432529468655,3897,11,52,0.00266871952784193,1,108.00833333333334,0.009258544865365327,3.9616523362791387,0.9827586206896551,28,174,0.6684482402829314,96,61,0.8888203070750713,0.5647712367872849,0.0,68.10714285714286,0
policy,none,0.0,33,6261328,22,4.586412736647766e-05,0,0,22,-0.08324776212131457,-335.2387380625338,4027,21,100,0.004966476285075739,2,122.7875,0.0162883029624351,4.425714512845763,0.9786096256684492,31,187,0.613958004201921,141,105,1.1483253588516746,0.8551359055278429,0.0,59.96875,0
policy,none,0.0,34,6269247,17,4.034264267523054e-05,0,0,17,-0.05680800227475506,-215.01828860994792,3785,15,69,0.003645970937912814,2,89.19305555555556,0.02242327037169685,2.5378504044618797,1.0,18,126,0.37972648360935823,51,16,0.5717933944782696,0.1793861629735748,0.0,110.32352941176471,0
policy,none,0.0,35,6277166,27,8.846309314320015e-05,0,0,27,-0.2000703454422634,-627.420603306938,3136,44,204,0.013010204081632653,4,117.29444444444445,0.034102211907355656,7.635103995608989,0.9772727272727273,54,220,1.2999503724833674,246,105,2.0972860323023728,0.895183062568086,0.0,27.89189189189189,0
policy,none,0.0,36,6285085,19,9.938299514983503e-05,0,0,19,-0.041044166318023025,-104.45740327936859,2545,0,0,0.0,0,66.93333333333334,0.0,3.876704133124547,0.9754601226993865,32,163,1.0838646568502972,132,45,1.9721115537848604,0.6723107569721115,0.0,43.741379310344826,0
policy,none,0.0,37,6293004,23,4.655527093985881e-05,0,0,23,-0.06103229730909241,-257.1290685632063,4213,17,73,0.0034654640398765727,2,134.30833333333334,0.014891108767140285,4.445597259077445,0.9847715736040609,35,197,0.27150603393642203,87,44,0.6477632313706024,0.3276043928770863,0.0,75.87272727272727,0
policy,none,0.0,38,6300923,30,4.806059630494031e-05,0,0,30,-0.03571276632472388,-177.74243799815076,4977,0,0,0.0,0,206.99722222222223,0.0,7.36206417737432,0.9632352941176471,55,272,0.5329636182246503,257,71,1.2415625545162978,0.34299977187026126,0.0,48.85858585858586,0
policy,none,0.0,39,6308842,25,7.80374677263863e-05,0,0,25,-0.04506342770313055,-150.64703881156544,3343,0,0,0.0,0,115.77361111111111,0.0,6.202537527787702,0.9862385321100917,50,218,0.9387988892984307,152,103,1.3129071343738379,0.8896673344770085,0.0,32.95049504950495,0
policy,none,0.0,40,6316761,26,6.845084422527737e-05,0,0,26,-0.22496335662755584,-849.9115613389059,3778,63,284,0.015034409740603494,8,136.1013888888889,0.05877970875470697,7.072116794361808,0.948936170212766,50,235,0.9901119812183122,178,140,1.30784851979223,1.028644903207372,0.0,37.08910891089109,0
policy,none,0.0,41,6324680,23,9.827900924568421e-05,0,0,23,-0.06813898558182928,-172.52791149319174,2532,0,0,0.0,0,80.64583333333333,0.0,6.1388313859043055,0.9707602339181286,41,171,1.5112961843594772,147,88,1.8227848101265824,1.091190906742444,0.0,30.121951219512194,0
policy,none,0.0,42,6332599,16,9.759533085868229e-05,0,0,16,-0.02546432986524009,-58.97538796789605,2316,0,0,0.0,0,51.266666666666666,0.0,3.059347989982338,0.9722222222222222,18,144,0.7997602538824289,46,28,0.8972691807542262,0.5461638491547465,0.0,63.30555555555556,0
policy,none,0.0,43,6340518,15,9.792926009139699e-05,0,0,15,-0.028853611567991624,-72.13402891997906,2500,0,0,0.0,0,51.9,0.0,2.6041380257822695,0.9848484848484849,22,132,0.6143467874547079,102,54,1.9653179190751446,1.0404624277456647,0.0,68.27777777777777,0
policy,none,0.0,44,6348437,27,6.268754082667058e-05,0,0,27,-0.14713566306955744,-581.0387334616823,3949,40,195,0.009875917953912383,3,147.76388888888889,0.02030266002443839,5.749858777102239,0.9828326180257511,46,233,0.7099261572084489,174,94,1.1775542814174265,0.6361500140990695,0.0,44.875,0
policy,none,0.0,45,6356356,21,9.49900608757535e-05,0,0,21,-0.03759274342846212,-108.37987930425628,2883,0,0,0.0,0,83.84583333333333,0.0,4.158118125059537,0.9655172413793104,32,174,0.8739552852748316,129,59,1.538537991353178,0.7036724146499032,0.0,41.768115942028984,0
policy,none,0.0,46,6364275,28,8.21596581286479e-05,0,0,28,-0.2025551212748809,-653.8479314753156,3228,44,200,0.012391573729863693,4,125.22361111111111,0.031942857776644004,7.952577364570177,0.9596412556053812,56,223,1.2734975338139747,218,84,1.7408857488270981,0.6708000133095241,0.0,28.168141592920353,0
policy,none,0.0,47,6372194,20,6.907355148350297e-05,0,0,20,-0.028099436222925506,-87.16445116351493,3102,0,0,0.0,0,85.93888888888888,0.0,4.216758652652331,0.9817073170731707,36,164,0.6674373205245466,96,49,1.117072855388196,0.5701726032710582,0.0,50.622950819672134,0
policy,none,0.0,48,6380113,18,7.08822540889503e-05,0,0,18,-0.030221809468611006,-105.20211876023491,3481,0,0,0.0,0,86.77083333333333,0.0,7.461436026353308,0.9726775956284153,34,183,0.6135272355876759,171,43,1.9707082833133254,0.49555822328931576,0.0,50.705882352941174,0
policy,none,0.0,49,6388032,17,4.9499798499020196e-05,0,0,17,-0.026366402650453338,-91.35958518382081,3465,0,0,0.0,0,81.625,0.0,2.540464799836978,1.0,21,135,0.4638830061313472,200,33,2.450229709035222,0.40428790199081166,0.0,75.84444444444445,0
policy,none,0.0,50,6395951,16,6.647018006643115e-05,0,0,16,-0.01706062984711198,-45.193608464999635,2649,0,0,0.0,0,58.68611111111111,0.0,2.0914705632800468,0.9923076923076923,15,130,0.33522428983802005,59,26,1.0053486060491315,0.4430349789369054,0.0,82.61290322580645,0
policy,none,0.0,51,6403870,22,5.549489229554871e-05,0,0,22,-0.032984802870505585,-115.8096428783451,3511,0,0,0.0,0,107.04305555555555,0.0,5.681121305186901,0.9824561403508771,32,171,0.611181038014671,180,44,1.6815663479129634,0.4110495517120577,0.0,67.26923076923077,0
policy,none,0.0,52,6411789,28,8.284697292497762e-05,0,0,28,-0.05472583274885784,-200.1323703625731,3657,0,0,0.0,0,141.85694444444445,0.0,8.108267375587864,0.9652509652509652,66,259,0.9973797896734907,259,90,1.8257830169282434,0.6344419749943703,0.0,27.253731343283583,0
policy,none,0.0,53,6419708,16,5.4481345893675785e-05,0,0,16,-0.1275544482799483,-426.41452059986716,3343,33,163,0.0097517200119653,2,74.08472222222223,0.026996119307849495,4.493400721122329,0.9795918367346939,25,147,0.6205505822659141,112,28,1.5117826812395718,0.37794567030989296,0.0,75.3409090909091,0
policy,none,0.0,54,6427627,24,7.184591920353233e-05,0,0,24,-0.14788445515066825,-492.30735119657464,3329,28,137,0.008230699909882847,3,110.69305555555556,0.027101971166514006,5.2779078908503525,0.9847715736040609,45,197,1.030593446956525,232,124,2.0958857702104168,1.1202148082159122,0.0,44.21333333333333,0
policy,none,0.0,55,6435546,25,6.836864789355187e-05,0,0,25,-0.19893035957610258,-673.7771278842595,3387,46,204,0.01204605845881311,6,117.29861111111111,0.051151500799242196,6.664179110396838,0.9681818181818181,44,220,1.0621753504106088,187,99,1.5942217749097152,0.8439997631874963,0.0,39.093023255813954,0
policy,none,0.0,56,6443465,20,8.033695135756385e-05,0,0,20,-0.03952032808757886,-117.81009802907259,2981,0,0,0.0,0,82.56805555555556,0.0,4.383106005158499,0.9883040935672515,41,171,0.8532214186289941,169,61,2.046796413732779,0.738784504365086,0.0,42.220588235294116,0
policy,none,0.0,57,6451384,17,7.579433222005831e-05,0,0,17,-0.02861907817450638,-75.69746177156938,2645,0,0,0.0,0,62.25972222222222,0.0,4.610009582643589,0.9710144927536232,22,138,0.6350271641543827,37,29,0.5942846944921587,0.4657907064938541,0.0,66.41025641025641,0
policy,none,0.0,58,6459303,30,8.431866422770268e-05,0,0,30,-0.22014507472365083,-831.9282373806765,3779,44,199,0.010531886742524477,5,157.0875,0.03182939444577067,8.33934398337948,0.9812734082397003,60,267,1.624747381914803,349,212,2.2216917323147927,1.3495663245006764,0.0,26.82857142857143,0
policy,none,0.0,59,6467222,25,5.033751083768813e-05,0,0,25,-0.06115698835197424,-282.484129197769,4619,9,40,0.0017319766183156527,1,160.05,0.006248047485160887,7.011865832478466,0.9790794979079498,52,239,0.722902702340468,202,115,1.262105592002499,0.718525460793502,0.0,48.03157894736842,0
policy,none,0.0,60,6475141,29,8.477257044192606e-05,0,0,29,-0.06647001489345364,-222.54160986328276,3348,8,36,0.002150537634408602,1,134.50972222222222,0.0074344068479147525,3.738848850419472,0.9959183673469387,45,245,0.5459314399963093,158,85,1.174636281970531,0.6319245820727539,0.0,36.97752808988764,0
policy,none,0.0,61,6483060,29,9.68283710221396e-05,0,0,29,-0.16133228119914023,-546.432436421488,3387,30,126,0.007440212577502214,5,136.05138888888888,0.036750819237012164,5.894851106195161,0.9849624060150376,58,266,1.3076307263710472,307,154,2.256500301152547,1.1319252324999745,0.0,26.232558139534884,0
policy,none,0.0,62,6490979,27,6.546765824304334e-05,0,0,27,-0.040625137667567486,-152.10051542737267,3744,0,0,0.0,0,140.075,0.0,4.962797428414819,0.9914529914529915,42,234,0.8881399971010261,154,57,1.0994110298054613,0.4069248616812422,0.0,46.01234567901235,0
policy,none,0.0,63,6498898,26,5.920676951901523e-05,0,0,26,-0.12498969564169589,-488.9596893503143,3912,30,141,0.007208588957055215,3,140.96944444444443,0.02128120751147806,5.802336469469221,0.9813084112149533,45,214,0.87327453377313,192,77,1.361997280734596,0.5462176594612702,0.0,43.89887640449438,0
policy,none,0.0,64,6506817,30,7.89462932625641e-05,0,0,30,-0.40247166648455135,-1501.2193159873766,3730,119,557,0.029865951742627347,12,155.05277777777778,0.07739300238270123,9.023229242197166,0.9541984732824428,50,262,1.0732712205234338,306,164,1.9735215607588814,1.0577043658969167,0.0,38.154639175257735,0
policy,none,0.0,65,6514736,29,5.728458187301982e-05,0,0,29,-0.1475949357525138,-578.4245532141016,3919,31,141,0.007195713192140852,4,157.53472222222223,0.025391227683491294,9.905421896231381,0.9867256637168141,55,226,1.3204979116635485,208,111,1.3203438395415472,0.7046065682168834,0.0,35.13636363636363,0
policy,none,0.0,66,6522655,26,6.11177943023936e-05,0,0,26,-0.131774934758939,-577.3059891789118,4381,41,197,0.008993380506733623,4,157.86944444444444,0.02533739200816427,6.503462883159164,0.9833333333333333,52,240,0.6019854695960528,193,65,1.222529164393926,0.4117326201326694,0.0,47.29347826086956,0
policy,none,0.0,67,6530574,19,5.628115579439591e-05,0,0,19,-0.12060494120799128,-413.9161582258261,3432,30,145,0.00844988344988345,3,90.33194444444445,0.03321084272513415,5.848287450888896,0.9763313609467456,36,169,0.718815434692605,98,74,1.084887529021049,0.8192007872199757,0.0,54.78333333333333,0
policy,none,0.0,68,6538493,19,9.536760240371122e-05,0,0,19,-0.12559143132769668,-339.4736388787641,2703,16,75,0.005549389567147614,1,71.10555555555555,0.014063598718649895,3.124905754092897,0.9875776397515528,27,161,1.0093370105672401,109,65,1.5329322603328386,0.9141339167122432,0.0,56.145833333333336,0
policy,none,0.0,69,6546412,15,8.099109893422256e-05,0,0,15,-0.05285280819338447,-147.089365202189,2783,8,38,0.0027308659719726914,1,57.794444444444444,0.017302701143900798,2.8369844937813586,0.9924812030075187,17,133,0.4292411056491474,81,36,1.4015187926559647,0.6228972411804288,0.0,89.2258064516129,0
policy,none,0.0,70,6554331,20,4.159065409301195e-05,0,0,20,-0.03124360070489498,-140.7524211755519,4505,0,0,0.0,0,124.87638888888888,0.0,4.234438488531483,0.9947089947089947,28,189,0.4367816015486607,220,103,1.7617421672542848,0.824815651032688,0.0,90.73469387755102,0
policy,none,0.0,71,6562250,16,7.533981935524961e-05,0,0,16,-0.05408852958337337,-141.11697368302111,2609,8,37,0.0028363357608279034,2,57.78472222222222,0.03461122461242639,2.522901987410597,0.9784172661870504,27,139,0.463915561668715,65,42,1.1248647999038577,0.7268357168609543,0.0,61.92857142857143,0
policy,none,0.0,72,6570169,20,8.4356759256604e-05,0,0,20,-0.12343816875249841,-383.89270482027007,3110,23,103,0.0066237942122186495,3,86.1361111111111,0.03482859814892451,5.064654004108586,0.9945054945054945,41,182,0.7763384337029531,157,61,1.8226966364603825,0.7081814956947984,0.0,45.22727272727273,0
policy,none,0.0,73,6578088,19,4.62181382515503e-05,0,0,19,-0.015022888974044293,-56.68136009906912,3773,0,0,0.0,0,99.35416666666667,0.0,2.6478761873301306,0.9868421052631579,20,152,0.30586506065123104,49,21,0.4931851541203606,0.21136506605158314,0.0,93.35897435897436,0
policy,none,0.0,74,6586007,20,6.611352719907007e-05,0,0,20,-0.028185639110247,-90.39134462656213,3207,0,0,0.0,0,88.84861111111111,0.0,3.2581887100257703,1.0,25,169,0.5584255264987155,122,33,1.3731221959950604,0.37141829891669664,0.0,63.88,0
policy,none,0.0,75,6593926,16,9.157729387656869e-05,0,0,16,-0.026990259465431474,-66.34205776603056,2458,0,0,0.0,0,54.42916666666667,0.0,2.055209853319377,0.9856115107913669,21,139,0.43165852018894746,79,42,1.4514276965475006,0.7716451044936079,0.0,56.04761904761905,0
policy,none,0.0,76,6601845,23,9.431564691957315e-05,0,0,23,-0.0986519357385628,-296.8436746373355,3009,13,52,0.003456297773346627,2,95.82222222222222,0.020871985157699443,4.266649839401951,0.9767441860465116,41,215,0.8570659184522519,186,92,1.9410946196660481,0.9601113172541744,0.0,44.25,0
policy,none,0.0,77,6609764,21,4.596113417619698e-05,0,0,21,-0.05750496750415279,-223.57931365614607,3888,12,54,0.002777777777777778,1,113.15833333333333,0.00883717504970911,8.72830306129322,0.9770114942528736,29,174,0.5545384107899087,136,34,1.201855806760439,0.30046395169010975,0.0,66.82456140350877,0
policy,none,0.0,78,6617683,27,9.822531180978729e-05,0,0,27,-0.14983763259522984,-461.79958365849836,3082,25,114,0.007397793640493186,3,115.26527777777778,0.026026918581532936,6.757090329146008,0.9775784753363229,58,223,1.237341894225656,260,167,2.255666277066188,1.4488318010386667,0.0,28.457943925233646,0
policy,none,0.0,79,6625602,30,8.365525397420205e-05,0,0,30,-0.9150332595862982,-3111.1130825934138,3400,271,1319,0.07758823529411765,14,141.32361111111112,0.09906341827759378,9.070594136860258,0.9473684210526315,58,247,1.9004368875580642,333,125,2.356294163317052,0.8844948060499445,0.0,27.227642276422763,0
policy,none,0.0,80,6633521,28,9.439240867349163e-05,0,0,28,-0.19473182854245727,-649.0411845320101,3333,36,159,0.00954095409540954,5,129.2722222222222,0.0386780695345739,9.69424493077873,0.9717741935483871,66,248,1.751805437172288,361,159,2.7925566203962355,1.22996261119945,0.0,24.448529411764707,0
policy,none,0.0,81,6641440,25,8.868914354957028e-05,0,0,25,-0.07303415634489463,-246.63634597670915,3377,7,30,0.0017767249037607344,1,116.93472222222222,0.008551779839179029,8.881350543775422,0.9568965517241379,60,232,1.0452356269894838,179,86,1.5307685912130462,0.7354530661693965,0.0,29.991071428571427,0
policy,none,0.0,82,6649359,21,7.808406955517746e-05,0,0,21,-0.24280892136267385,-701.9605916594901,2891,52,253,0.0175025942580422,6,84.08194444444445,0.07135895868778803,8.330600294018899,0.9651162790697675,35,172,1.6408095627739439,130,101,1.5461107715687408,1.2012091379110985,0.0,44.21875,0
policy,none,0.0,83,6657278,23,8.687141170215955e-05,0,0,23,-0.04779364837279433,-139.70083419367782,2923,0,0,0.0,0,93.09027777777777,0.0,4.587806894645401,0.9607843137254902,47,204,0.877518243335032,227,65,2.4384930995897056,0.6982469227900038,0.0,33.81395348837209,0
policy,none,0.0,84,6665197,26,5.6706649513614586e-05,0,0,26,-0.5218422366164676,-2103.0242135643643,4030,175,841,0.04173697270471464,12,145.23333333333332,0.08262565985770026,8.013698505778354,0.9858490566037735,48,212,1.3422311500212705,212,169,1.4597199908193712,1.163644709662612,0.0,43.71739130434783,0
policy,none,0.0,85,6673116,30,8.151157867539578e-05,0,0,30,-0.08287242621148391,-277.6226278084711,3350,10,37,0.002208955223880597,2,139.24722222222223,0.014362943605497815,6.005224383238027,0.987603305785124,55,242,0.9087414002379097,271,89,1.9461788585449538,0.6391509904446527,0.0,30.796296296296298,0
policy,none,0.0,86,6681035,22,7.037628509925817e-05,0,0,22,-0.0644204081512942,-214.1978571030532,3325,9,40,0.002406015037593985,1,101.30694444444444,0.009870991623366831,5.835932312133464,0.9665071770334929,41,209,0.9737684233560757,139,51,1.3720678356479896,0.5034205727917084,0.0,39.646341463414636,0
policy,none,0.0,87,6688954,23,8.954794764748432e-05,0,0,23,-0.039835299922432094,-130.73945434542213,3282,0,0,0.0,0,104.54027777777777,0.0,9.497004743607746,0.9354838709677419,49,217,0.6948899416892459,145,85,1.3870252029387928,0.8130837396537751,0.0,34.4,0
policy,none,0.0,88,6696873,21,4.539166420437629e-05,0,0,21,-0.05134963913948132,-211.40646433724459,4117,9,41,0.0019917415593879036,1,119.83055555555555,0.008345116947541668,6.261986374471971,0.9664804469273743,32,179,0.5097828597972925,112,79,0.9346530981246668,0.6592642388557918,0.0,70.5,0
policy,none,0.0,89,6704792,21,9.768409736156641e-05,0,0,21,-0.03560218758572304,-106.55734744406907,2993,0,0,0.0,0,87.03055555555555,0.0,4.959322293293699,0.9842931937172775,41,191,0.8514025868342082,157,67,1.8039641249880312,0.7698445628929814,0.0,37.73076923076923,0
policy,none,0.0,90,6712711,23,8.282069014268143e-05,0,0,23,-0.0853800992730079,-252.21281325246534,2954,12,50,0.003385240352064997,3,94.10138888888889,0.03188050713621537,5.383159700449213,0.9788359788359788,35,189,0.6929056316725074,123,83,1.3071007925848301,0.8820273641019586,0.0,45.13846153846154,0
policy,none,0.0,91,6720630,21,6.302919362776807e-05,0,0,21,-0.04582953302185858,-174.65635034630307,3811,7,31,0.0016268695880346366,1,110.89027777777778,0.009017923122205384,5.227402666460279,0.9789473684210527,29,190,0.4601881658794901,133,32,1.1993837752533159,0.2885735399105723,0.0,72.59615384615384,0
policy,none,0.0,92,6728549,21,5.804248444059631e-05,0,0,21,-0.036803327299199516,-127.63393907362392,3468,0,0,0.0,0,100.89166666666667,0.0,3.33644223690294,0.9946236559139785,34,186,0.6386841082057723,97,39,0.9614272734781532,0.3865532336664739,0.0,54.46774193548387,0
policy,none,0.0,93,6736468,20,5.122069744532878e-05,0,0,20,-0.018765349361025974,-67.83673794010889,3615,0,0,0.0,0,100.16666666666667,0.0,3.625290746367416,0.9888888888888889,27,180,0.3300815659043178,67,28,0.6688851913477537,0.2795341098169717,0.0,65.98148148148148,0
policy,none,0.0,94,6744387,26,6.748078200547593e-05,0,0,26,-0.056720205549880644,-204.70322182951924,3609,11,53,0.0029371016902188973,1,130.00694444444446,0.007691896800384594,3.558407952121263,0.982532751091703,36,229,0.3750757641980403,122,42,0.9384114096469205,0.32305966561615296,0.0,56.333333333333336,0
policy,none,0.0,95,6752306,15,7.619887542204405e-05,0,0,15,-0.027621362793803065,-73.0032618640215,2643,0,0,0.0,0,54.88333333333333,0.0,2.625885701757057,0.9767441860465116,23,129,0.7316098673420754,77,44,1.4029760097175827,0.8017005769814759,0.0,62.48717948717949,0
policy,none,0.0,96,6760225,17,7.523294247593554e-05,0,0,17,-0.02042046811108219,-62.32326867502284,3052,0,0,0.0,0,71.84305555555555,0.0,1.7177145304547645,0.9872611464968153,22,157,0.35093272543670756,84,43,1.1692153034198776,0.5985268815125563,0.0,64.14893617021276,0
policy,none,0.0,97,6768144,26,5.485922052595543e-05,0,0,26,-0.03167963111673476,-121.49138533267781,3835,0,0,0.0,0,138.1652777777778,0.0,3.922638021942239,0.9696969696969697,43,231,0.5497823367354714,159,50,1.1507956453120758,0.3618854230541119,0.0,47.34177215189873,0
policy,none,0.0,98,6776063,22,8.748490944507473e-05,0,0,22,-0.11782048054701696,-338.0269586893917,2869,15,67,0.004670616939700244,3,87.41527777777777,0.03431894373917603,7.589479019131,0.9720670391061452,45,179,1.7185951709687435,213,87,2.436645005481498,0.9952493684361048,0.0,35.358024691358025,0
policy,none,0.0,99,6783982,17,4.014691783159521e-05,0,0,17,-0.010825589866917439,-38.83139085263285,3587,0,0,0.0,0,84.50277777777778,0.0,2.658893744446384,0.9781021897810219,24,137,0.1794332330066626,64,23,0.7573715525459387,0.27218040169619667,0.0,79.06666666666666,0
policy,none,0.0,100,6791901,30,7.382237714746159e-05,0,0,30,-0.18525815508266408,-682.1205270143691,3682,46,216,0.011732753938077132,6,153.0222222222222,0.039209991286668605,5.110333618019765,0.9647887323943662,56,284,1.1145265969365035,194,79,1.2677897182689515,0.51626488527447,0.0,39.03191489361702,0
policy,none,0.0,101,6799820,22,5.783084644345467e-05,0,0,22,-0.02700172557866023,-103.14659171048208,3820,0,0,0.0,0,116.43055555555556,0.0,5.627361408605137,0.9761904761904762,38,210,0.4557490201946903,168,75,1.4429201956340212,0.6441608016223309,0.0,51.0958904109589,0
policy,none,0.0,102,6807739,19,8.596766574615737e-05,0,0,19,-0.03505515113512139,-89.39063539455955,2550,0,0,0.0,0,67.07777777777778,0.0,2.745377455926566,0.9805194805194806,27,154,0.5586458111624863,85,82,1.2671856882557562,1.2224614874937882,0.0,51.857142857142854,0
policy,none,0.0,103,6815658,15,7.008687278345187e-05,0,0,15,-0.027024185234726283,-70.47907509216614,2608,0,0,0.0,0,54.15555555555556,0.0,3.890895131277304,0.984375,21,128,0.7941750042442062,60,26,1.107919573245794,0.48009848173984404,0.0,60.23255813953488,0
policy,none,0.0,104,6823577,25,4.556312318093501e-05,0,0,25,-0.039515476263362666,-165.72790744854302,4194,0,0,0.0,0,145.3361111111111,0.0,5.883005913867636,0.9759615384615384,44,208,0.6807969573645439,148,64,1.018329160375375,0.44035855583800004,0.0,54.5945945945946,0
policy,none,0.0,105,6831496,25,5.483032980426801e-05,0,0,25,-0.03891156732466307,-142.1439554369942,3653,0,0,0.0,0,126.54583333333333,0.0,5.29134478141184,0.9858490566037735,39,212,0.7187332989371676,151,79,1.1932435547067926,0.6242797405419643,0.0,47.4025974025974,0
policy,none,0.0,106,6839415,15,4.104731885518172e-05,0,0,15,-0.021207902609890666,-80.4415745993153,3793,0,0,0.0,0,78.8375,0.0,7.232593562386248,0.9621212121212122,22,132,0.4596105791381268,109,44,1.3825907721579196,0.5581100364674171,0.0,108.14285714285714,0
policy,none,0.0,107,6847334,30,7.288732309493982e-05,0,0,30,-0.14067960736465457,-476.90386896617895,3390,23,105,0.006194690265486726,2,140.88611111111112,0.014195863483112836,9.092845402356119,0.9541984732824428,59,262,1.4052553870990692,288,142,2.0442043415682485,1.0079063073010115,0.0,28.224137931034484,0
policy,none,0.0,108,6855253,25,7.24953012162899e-05,0,0,25,-0.03854726559463028,-141.35282293550924,3667,0,0,0.0,0,127.02083333333333,0.0,5.303091698669302,0.9863636363636363,48,220,0.5989957370688205,179,76,1.4092176480236183,0.5983270460882402,0.0,48.1578947368421,0
policy,none,0.0,109,6863172,29,6.815520385701798e-05,0,0,29,-0.13528960137983229,-523.3001781371913,3868,28,125,0.006463288521199586,3,155.425,0.019301914106482226,7.762929786411894,0.9586466165413534,71,266,1.2328567254104452,268,171,1.7243043268457454,1.1002091040694868,0.0,26.655172413793103,0
policy,none,0.0,110,6871091,15,5.821649532907017e-05,0,0,15,-0.06472219998206147,-193.6488223463279,2992,12,52,0.0034759358288770055,2,62.12638888888889,0.03219243924794885,2.1582484924867944,0.9865771812080537,21,149,0.4190303080362157,56,57,0.9013882989425678,0.9174845185665422,0.0,71.7,0
policy,none,0.0,111,6879010,22,8.017443020162928e-05,0,0,22,-0.19834726441404008,-625.9839664907105,3156,45,216,0.013688212927756654,3,96.14583333333333,0.031202600216684726,6.084399681297598,0.9806763285024155,39,207,0.8946714330128863,107,60,1.1128927410617553,0.6240520043336945,0.0,48.12307692307692,0
policy,none,0.0,112,6886929,23,8.916037632372234e-05,0,0,23,-0.5504353287022861,-1730.5686734399874,3144,124,592,0.037659033078880404,11,100.13888888888889,0.10984743411927879,10.395884567848729,0.9575471698113207,50,212,2.060621342271912,316,153,3.155617198335645,1.5278779472954231,0.0,31.757575757575758,0
policy,none,0.0,113,6894848,21,6.217442614036505e-05,0,0,21,-0.10496779891271389,-400.76705624874165,3818,18,82,0.004295442640125721,2,111.08333333333333,0.018004501125281323,11.331634740797734,0.9696969696969697,41,198,1.47323310020337,182,132,1.6384096024006003,1.1882970742685672,0.0,45.925925925925924,0
policy,none,0.0,114,6902767,19,5.623008775365324e-05,0,0,19,-0.07935524783424895,-281.8698403072523,3552,9,40,0.0022522522522522522,1,93.48472222222222,0.010696935030976542,5.6103116708248715,0.9776536312849162,25,179,1.1827925632429241,61,31,0.6525130368895691,0.33160498596027277,0.0,71.3125,0
policy,none,0.0,115,6910686,20,4.711860439115305e-05,0,0,20,-0.030927181160504903,-121.32733169266074,3923,6,28,0.0014274789701758858,1,108.72777777777777,0.009197281692299832,1.6832260287030245,0.9943181818181818,24,176,0.23853255538790613,81,27,0.7449798170762864,0.24832660569209544,0.0,80.16666666666667,0
policy,none,0.0,116,6918605,28,8.557825781329323e-05,0,0,28,-0.2189230216015137,-736.0191986242891,3362,50,234,0.013920285544318858,5,130.3986111111111,0.038343966683353395,6.8686838339303735,0.9678714859437751,50,249,1.3002190556253432,199,102,1.526089873997465,0.7822169203404092,0.0,33.56,0
policy,none,0.0,117,6926524,27,9.267379599528268e-05,0,0,27,-0.2572811681933196,-796.5424967265174,3096,59,269,0.017377260981912144,5,115.7875,0.043182554248083774,4.531131910949278,0.9733333333333334,51,225,1.1140013867424958,250,106,2.1591277124041888,0.915470150059376,0.0,32.208333333333336,0
policy,none,0.0,118,6934443,24,7.666983429338429e-05,0,0,24,-0.15257408086667032,-483.8124104282116,3171,29,128,0.008073163040050457,3,105.40694444444445,0.02846112289670984,4.743779273951924,0.981042654028436,38,211,1.1538370175283779,185,107,1.7551025786304402,1.0151133833159842,0.0,42.58108108108108,0
policy,none,0.0,119,6942362,30,4.4084981227266363e-05,0,0,30,-0.08927789755510548,-459.33478292101773,5145,28,132,0.0051311953352769675,3,213.9875,0.01401951048542555,10.480832287371353,0.956989247311828,52,279,0.49772741322906544,154,66,0.7196682049185116,0.3084292306793621,0.0,61.926829268292686,0
policy,none,0.0,120,6950281,24,6.38218163660955e-05,0,0,24,-0.05816716530502039,-201.02572329415048,3456,8,39,0.0022569444444444442,1,114.91666666666667,0.00870195794053662,5.372256336851431,0.9901960784313726,38,204,0.7468072008604888,145,47,1.26178390137781,0.40899202320522116,0.0,44.75,0
policy,none,0.0,121,6958200,25,6.185785693594049e-05,0,0,25,-0.24147047076363395,-916.6219070187545,3796,69,328,0.017281348788198102,8,131.50277777777777,0.06083521683107666,8.22143287329966,0.944954128440367,49,218,1.282470918050198,222,140,1.6881772670623774,1.0646162945438415,0.0,38.1530612244898,0
policy,none,0.0,122,6966119,30,5.580276545355505e-05,0,0,30,-0.06609689671709823,-279.9864544936281,4236,14,67,0.0031633616619452312,2,176.14305555555555,0.011354407323592724,5.518992424162609,0.9727626459143969,53,257,0.5767210640743391,183,73,1.0389282701087343,0.4144358673111344,0.0,46.62921348314607,0
policy,none,0.0,123,6974038,30,8.754858287585149e-05,0,0,30,-0.13548052600262286,-469.3045420730856,3464,20,88,0.005080831408775982,3,143.93333333333334,0.020842982862436313,7.035257400252379,0.9652777777777778,59,288,1.2039678765363624,240,178,1.667438628994905,1.236683649837888,0.0,28.221311475409838,0
policy,none,0.0,124,6981957,18,7.35629293325997e-05,0,0,18,-0.19354213597561673,-603.2708378359973,3117,49,238,0.015271094000641642,5,77.69583333333334,0.06435351531077385,2.725829850996799,0.9878787878787879,21,165,0.5016628991826425,70,81,0.9009492143508339,1.0425269480345363,0.0,88.08571428571429,0
policy,none,0.0,125,6989876,24,7.15295681547343e-05,0,0,24,-0.13676887431150106,-466.38186140221865,3410,27,131,0.007683284457478006,2,113.36111111111111,0.017642734623866698,5.382724020555474,0.9772727272727273,40,220,0.9843014187027226,177,56,1.5613820142122028,0.4939965694682676,0.0,43.0126582278481,0
policy,none,0.0,126,6997795,25,4.761923828553512e-05,0,0,25,-0.11591730944291585,-479.20215723701415,4134,29,135,0.006531204644412192,3,143.25833333333333,0.020941190157640628,5.530426192925383,0.9803921568627451,37,204,0.8265664583571507,196,75,1.3681577569658543,0.5235297539410156,0.0,55.729729729729726,0
policy,none,0.0,127,7005714,16,7.639727006856297e-05,0,0,16,-0.09598073183798497,-248.20617253302913,2586,11,48,0.0037122969837587007,1,57.270833333333336,0.01746089487086213,5.2580830111885115,0.9645390070921985,26,141,1.2219320876866593,82,45,1.4317933794106947,0.7857402691887959,0.0,52.291666666666664,0
policy,none,0.0,128,7013633,27,7.092935397546129e-05,0,0,27,-0.042749775524776656,-168.73336399629346,3947,3,10,0.0005067139599695972,1,147.67083333333332,0.006771817950960752,6.8894324250413135,0.959349593495935,50,246,0.6431140798601113,198,59,1.340819954290229,0.39953725910668436,0.0,37.95192307692308,0
policy,none,0.0,129,7021552,21,7.980305227392071e-05,0,0,21,-0.1305160090695848,-397.9433116531641,3049,28,135,0.0088553624139062,3,88.65555555555555,0.033838826920666754,5.0107480305977585,0.9441624365482234,35,197,0.6665191720284374,104,95,1.1730793332497806,1.0715628524877805,0.0,44.059701492537314,0
policy,none,0.0,130,7029471,23,5.325703185760603e-05,0,0,23,-0.1057600579824205,-420.7135106540687,3978,17,76,0.003821015585721468,2,126.79444444444445,0.015773561757875827,6.963860626849808,0.9801980198019802,34,202,1.2693158420536697,103,85,0.8123384305306051,0.6703763747097227,0.0,59.3134328358209,0
policy,none,0.0,131,7037390,25,4.4339952844663574e-05,0,0,25,-0.1667441140873234,-767.6899012580369,4604,52,240,0.010425716768027803,5,159.5402777777778,0.031340048228851995,6.792340778686994,0.9653679653679653,44,231,0.8093180735607247,181,79,1.1345097458844422,0.4951727620158615,0.0,48.21052631578947,0
policy,none,0.0,132,7045309,23,4.1475797976324035e-05,0,0,23,-0.04600594342836432,-207.62482269220817,4513,5,22,0.0009749612231331708,1,143.87222222222223,0.006950612040004633,6.081786186191227,0.981042654028436,38,211,0.7777958759730594,212,64,1.4735297524809823,0.44483917056029654,0.0,64.79411764705883,0
policy,none,0.0,133,7053228,25,9.927709592528373e-05,0,0,25,-0.08163916068619599,-262.30662328474773,3213,11,54,0.0033613445378151263,1,111.25833333333334,0.008988090779716875,11.672116000018953,0.9497716894977168,50,219,1.0665726653424725,163,106,1.4650587970938505,0.9527376226499887,0.0,29.694444444444443,0
policy,none,0.0,134,7061147,29,7.602689800087507e-05,0,0,29,-0.13056131090003054,-488.9521093206144,3745,29,137,0.007316421895861148,2,150.46944444444443,0.013291735125256143,6.439468231915245,0.9588014981273408,49,267,0.6950970024869404,185,84,1.2294854990861932,0.5582528752607581,0.0,39.96739130434783,0
policy,none,0.0,135,7069066,24,5.793019971866485e-05,0,0,24,-0.06881791112468222,-255.7273577393191,3716,11,49,0.00263724434876211,1,123.58333333333333,0.008091706001348618,2.6096147485682653,0.9901960784313726,34,204,0.5527857465477183,174,78,1.4079568442346595,0.6311530681051922,0.0,59.049180327868854,0
policy,none,0.0,136,7076985,23,5.402870559417073e-05,0,0,23,-0.049364751738564305,-218.784579705317,4432,3,10,0.0004512635379061372,1,141.25416666666666,0.007079437184743813,4.958682159158817,0.9871244635193133,46,233,0.7273630553283323,194,72,1.3734108138402998,0.5097194773015545,0.0,54.27160493827161,0
policy,none,0.0,137,7084904,25,6.473275568623246e-05,0,0,25,-0.06203147050451014,-213.3882585355149,3440,9,39,0.002267441860465116,1,119.14583333333333,0.008393075712537158,6.171761191176982,0.9674418604651163,43,215,0.5559035749099589,131,57,1.0994929183423676,0.47840531561461797,0.0,43.34177215189873,0
policy,none,0.0,138,7092823,22,6.219129185163936e-05,0,0,22,-0.04880692673323243,-182.00102978822372,3729,6,26,0.0013944757307589165,1,113.65833333333333,0.008798298995527531,3.563508531255004,0.9803921568627451,32,204,0.6023870335866981,110,56,0.9678128895080285,0.49270474374954176,0.0,61.114754098360656,0
policy,none,0.0,139,7100742,26,6.999774481746615e-05,0,0,26,-0.0466880932396397,-172.60588070694797,3697,0,0,0.0,0,133.17777777777778,0.0,7.156083241565047,0.9786324786324786,52,234,0.821510333707962,249,97,1.8696812948439847,0.7283497413649257,0.0,37.78125,0
policy,none,0.0,140,7108661,20,7.691867057707503e-05,0,0,20,-0.10302155791172644,-284.7515860680119,2764,11,45,0.003256150506512301,2,76.5625,0.026122448979591838,5.5985321240078,0.9935483870967742,30,155,1.1327641348185455,207,86,2.703673469387755,1.123265306122449,0.0,45.63333333333333,0
policy,none,0.0,141,7116580,28,4.4782761151057167e-05,0,0,28,-0.10318893966802578,-525.5412697292553,5093,35,163,0.006400942470056941,3,197.70138888888889,0.01517440022480593,7.575805491922716,0.9806949806949807,48,259,0.4713137247625945,202,72,1.0217429484702658,0.3641856053953423,0.0,64.37974683544304,0
policy,none,0.0,142,7124499,25,6.756553924711093e-05,0,0,25,-0.04232710629718527,-156.27167644920803,3692,0,0,0.0,0,127.88333333333334,0.0,4.025240765992085,0.9910714285714286,39,224,0.6296032117235676,175,75,1.3684347712759024,0.5864720448325296,0.0,47.467532467532465,0
policy,none,0.0,143,7132418,27,5.586009110373261e-05,0,0,27,-0.06334176511493424,-293.08234718680075,4627,15,68,0.002939269505078885,2,173.125,0.011552346570397111,5.879740896862856,0.974910394265233,49,279,0.5962234011025999,192,71,1.1090252707581227,0.41010830324909747,0.0,51.78651685393258,0
policy,none,0.0,144,7140337,24,4.3768893800967245e-05,0,0,24,-0.07537239439777696,-378.6709094544314,5024,20,91,0.003622611464968153,2,167.1472222222222,0.011965499476509399,8.215491965766885,0.9695652173913043,53,230,0.6079893152399749,229,134,1.370049690060326,0.8016884649261297,0.0,47.41747572815534,0
policy,none,0.0,145,7148256,29,4.014756028929876e-05,0,0,29,-0.17515648937198,-1001.8951192077257,5720,50,218,0.007622377622377622,6,229.98472222222222,0.026088689466087722,11.315252851731895,0.9656357388316151,53,291,1.1221789062740466,321,142,1.3957448864356932,0.6174323173640761,0.0,55.5,0
policy,none,0.0,146,7156175,20,5.102533847724046e-05,0,0,20,-0.04087726497730337,-149.3655262270665,3654,11,53,0.0029009304871373837,1,101.25,0.009876543209876543,2.2177213335442056,0.9944444444444445,17,180,0.1473097507831437,37,32,0.3654320987654321,0.3160493827160494,0.0,98.08108108108108,0
policy,none,0.0,147,7164094,21,8.46252563957134e-05,0,0,21,-0.04405336443987286,-146.565543491457,3327,0,0,0.0,0,96.78194444444445,0.0,6.172592344556752,0.967391304347826,45,184,0.6861872589922167,199,98,2.056168649455391,1.0125855660634588,0.0,39.98795180722892,0
policy,none,0.0,148,7172013,17,4.6901401098240535e-05,0,0,17,-0.029643157264357244,-112.85149970540803,3807,1,4,0.0002101392172314158,1,89.68055555555556,0.01115068917453926,3.202972589958364,0.9932885906040269,28,149,0.38967001848524524,132,60,1.4718909710391823,0.6690413504723556,0.0,76.0,0
policy,none,0.0,149,7179932,17,4.736966668305187e-05,0,0,17,-0.045556052089279264,-150.38052794671086,3301,7,28,0.0016964556195092396,1,77.75833333333334,0.012860357946629514,6.1691141022364935,0.9541984732824428,23,131,0.7943612049588777,60,24,0.7716214767977708,0.30864859071910833,0.0,76.06976744186046,0
policy,none,0.0,150,7187851,22,4.431260999870086e-05,0,0,22,-0.019771294186947588,-82.68355228981481,4182,0,0,0.0,0,127.49861111111112,0.0,3.1076419337540067,0.9902439024390244,30,205,0.3799369486010519,97,31,0.7607926012265929,0.2431399034847874,0.0,73.60714285714286,0
policy,none,0.0,151,7195770,15,8.8308921567298e-05,0,0,15,-0.03275828555216858,-92.80422296929359,2833,0,0,0.0,0,58.834722222222226,0.0,6.004496743834099,0.9701492537313433,21,134,1.1769461635561453,87,30,1.4787186327046102,0.5099029767946932,0.0,45.67741935483871,0
policy,none,0.0,152,7203689,24,7.332784325178852e-05,0,0,24,-0.06503262363073709,-229.63019404013264,3531,9,44,0.0024922118380062306,1,117.40555555555555,0.008517484502910141,4.174249691413963,0.9905660377358491,47,212,0.6279468778113415,164,100,1.3968674584772631,0.8517484502910141,0.0,42.0,0
policy,none,0.0,153,7211608,24,9.607983912269692e-05,0,0,24,-0.357546827665173,-948.2141869680388,2652,65,292,0.0220211161387632,5,88.14583333333333,0.05672417868116285,9.18540111462165,0.9672131147540983,45,183,2.1353090867497975,246,152,2.790829591113212,1.7244150319073506,0.0,27.10989010989011,0
policy,none,0.0,154,7219527,28,6.343141698226622e-05,0,0,28,-0.05963591008821962,-238.3050967125256,3996,7,31,0.0015515515515515516,1,155.06805555555556,0.006448781449005365,6.981021689869877,0.9790794979079498,59,239,0.8623588965557447,227,91,1.463873388924218,0.5868391118594882,0.0,36.6822429906542,0
policy,none,0.0,155,7227446,29,5.181857927665304e-05,0,0,29,-0.18737849439599147,-850.1362290746133,4537,62,287,0.012651531849239585,7,182.38333333333333,0.03838069999086174,4.609307455498715,0.9883268482490273,43,257,0.6529568621776581,207,105,1.134972128301197,0.5757104998629261,0.0,43.28846153846154,0
policy,none,0.0,156,7235365,23,5.8908996370248385e-05,0,0,23,-0.056563037455156916,-209.6791798462667,3707,5,18,0.0009711356892365794,1,118.12638888888888,0.008465508929936156,4.576881276515655,0.9809523809523809,34,210,0.6431383413976243,99,45,0.8380853840636795,0.380947901847127,0.0,64.71929824561404,0
policy,none,0.0,157,7243284,30,8.798104045568632e-05,0,0,30,-0.08601710715144982,-294.3505406722613,3422,7,31,0.0018118059614260667,1,142.23333333333332,0.007030700726505743,7.664869410660948,0.9722222222222222,53,252,1.0627874267094046,274,119,1.9264119990625734,0.8366533864541833,0.0,30.150442477876105,0
policy,none,0.0,158,7251203,29,9.59493713166862e-05,0,0,29,-0.24920712584900892,-941.2553143317067,3777,62,280,0.014826581943341277,6,151.7486111111111,0.0395390768723858,11.2262216758392,0.9416058394160584,74,274,1.5627732762196094,336,202,2.214188304853605,1.331148921370322,0.0,26.443661971830984,0
policy,none,0.0,159,7259122,21,4.910580274063302e-05,0,0,21,-0.02256887520947808,-91.2233935967104,4042,0,0,0.0,0,117.61666666666666,0.0,3.0626639487913656,1.0,28,198,0.4014479482987031,88,28,0.7481932832648435,0.23806149922063202,0.0,90.5909090909091,0
policy,none,0.0,160,7267041,30,5.251853646212635e-05,0,0,30,-0.21200197061664025,-946.1647948620655,4463,64,297,0.01330943311673762,7,185.59583333333333,0.037716363962912246,9.313843146469877,0.9731800766283525,56,261,0.9673916071516514,252,123,1.3577891026648408,0.6627303953483151,0.0,40.870370370370374,0
policy,none,0.0,161,7274960,19,9.08006636011637e-05,0,0,19,-0.028634829220453052,-80.34933079259126,2806,0,0,0.0,0,73.81527777777778,0.0,2.857017318940868,0.9880239520958084,24,167,0.5132269306217154,94,36,1.2734491128379777,0.48770391555497017,0.0,62.785714285714285,0
policy,none,0.0,162,7282879,23,8.435146330598001e-05,0,0,23,-0.25101533524304176,-707.1101993796486,2817,52,244,0.01732339368122116,5,89.73055555555555,0.055722378726434076,8.858643832632298,0.9567567567567568,43,185,1.4754551052184415,147,117,1.6382379345571618,1.3039036621985574,0.0,33.65060240963855,0
policy,none,0.0,163,7290798,18,9.294140925376158e-05,0,0,18,-0.04045164176036917,-103.43484798126396,2557,1,1,7.821666014861165e-05,1,63.69722222222222,0.015699271728228163,4.231033003704387,0.9817073170731707,30,164,0.8348049772557805,116,83,1.821115520474467,1.3030395534429375,0.0,46.14545454545455,0
policy,none,0.0,164,7298717,30,5.414037617428569e-05,0,0,30,-0.1532252976877308,-647.2236574329748,4224,34,155,0.007339015151515152,4,175.65416666666667,0.02277201888179899,8.073681645402374,0.9879518072289156,58,249,1.2521491918107497,286,181,1.6281993500486278,1.0304338544014042,0.0,38.33644859813084,0
policy,none,0.0,165,7306636,17,9.519914521259685e-05,0,0,17,-0.03447174933912407,-86.7998648359144,2518,0,0,0.0,0,59.25277777777778,0.0,2.569677278160598,0.9861111111111112,25,144,0.5599375921886259,96,59,1.6201772068820026,0.9957339083962308,0.0,62.75,0
policy,none,0.0,166,7314555,17,6.954166123870369e-05,0,0,17,-0.028018190726075472,-83.29808102862238,2973,0,0,0.0,0,69.96666666666667,0.0,3.444543548864308,0.9878787878787879,27,165,0.6146415364912102,75,56,1.0719390185802764,0.8003811338732729,0.0,52.10526315789474,0
policy,none,0.0,167,7322474,17,8.786917657668247e-05,0,0,17,-0.025740058444827605,-70.70794054794143,2747,0,0,0.0,0,64.65555555555555,0.0,3.1196219885658523,0.9931972789115646,25,147,0.42432802937115127,67,32,1.0362605258635504,0.494930400412442,0.0,72.21052631578948,0
policy,none,0.0,168,7330393,30,5.652348794398111e-05,0,0,30,-0.04094486019308235,-169.47077633916783,4139,0,0,0.0,0,172.09027777777777,0.0,6.051546058145836,0.9811320754716981,54,265,0.715364027341321,200,75,1.1621807029579114,0.43581776360921676,0.0,43.53191489361702,0
policy,none,0.0,169,7338312,23,5.4136766950735415e-05,0,0,23,-0.0708569270858361,-288.5294070935246,4072,8,37,0.0018172888015717092,1,129.7861111111111,0.007704984697044283,7.297913699352366,0.9714285714285714,39,210,0.7302560729350215,176,113,1.3560773066797938,0.870663270766004,0.0,60.298507462686565,0
policy,none,0.0,170,7346231,20,4.311569005545751e-05,0,0,20,-0.017158585414595497,-66.04339526077807,3849,0,0,0.0,0,106.6986111111111,0.0,3.0121988214663267,0.9936305732484076,25,157,0.2953730344444485,93,50,0.8716139697746769,0.4686096611691811,0.0,75.47058823529412,0
policy,none,0.0,171,7354150,19,8.144902288193072e-05,0,0,19,-0.10745041924522829,-303.97723604475084,2829,16,71,0.0050194414987628135,2,74.42361111111111,0.02687319212466175,5.248894312064324,0.963855421686747,33,166,1.1133075899114377,139,105,1.8676868526639918,1.410842586544742,0.0,40.333333333333336,0
policy,none,0.0,172,7362069,15,9.549039823633527e-05,0,0,15,-0.02114588368937336,-44.25833456185845,2093,0,0,0.0,0,43.44722222222222,0.0,2.3889381858456638,1.0,15,113,0.5873370711864659,42,16,0.9666901093280481,0.36826289879163737,0.0,60.58064516129032,0
policy,none,0.0,173,7369988,18,8.184025505995249e-05,0,0,18,-0.11455667583291718,-334.0472667287865,2916,21,93,0.006378600823045267,3,72.66666666666667,0.041284403669724766,7.363911341931699,0.9642857142857143,30,168,0.6982376662072999,135,59,1.8577981651376145,0.8119266055045871,0.0,50.771929824561404,0
policy,none,0.0,174,7377907,22,9.20539119431057e-05,0,0,22,-0.2066430934929072,-559.7961402722856,2709,38,168,0.012403100775193798,6,82.52083333333333,0.07270891189093663,3.290731102810925,0.9781420765027322,34,183,1.069791761406443,149,100,1.805604645291593,1.2118151981822773,0.0,45.50847457627118,0
policy,none,0.0,175,7385826,19,6.438085786677396e-05,0,0,19,-0.10329277067894976,-317.9351481498074,3078,22,102,0.006627680311890838,2,81.00277777777778,0.024690511299338157,4.901479905051052,0.9625,27,160,0.6207258951784342,82,64,1.0123109632728644,0.790096361578821,0.0,56.629629629629626,0
policy,none,0.0,176,7393745,27,6.820378346965852e-05,0,0,27,-0.08256393955655435,-335.95267005561965,4069,15,68,0.0033423445564020643,2,152.21805555555557,0.01313904577680046,8.04218019550007,0.9699248120300752,60,266,0.7229653279281006,210,105,1.3795998065640482,0.6897999032820241,0.0,39.019417475728154,0
policy,none,0.0,177,7401664,23,7.695370431576015e-05,0,0,23,-0.028269756757313594,-103.24115167770924,3652,0,0,0.0,0,116.3625,0.0,5.640423887523482,0.986046511627907,36,215,0.5154487193790229,148,60,1.2718874207755935,0.515630035449565,0.0,53.36764705882353,0
policy,none,0.0,178,7409583,22,4.790203151577703e-05,0,0,22,-0.051646556039590195,-201.8347410027185,3908,0,0,0.0,0,119.1375,0.0,4.402042045657379,1.0,31,197,0.8700821350272244,166,128,1.3933480222432064,1.0743888364284964,0.0,59.75,0
policy,none,0.0,179,7417502,17,7.009114489463068e-05,0,0,17,-0.02905787705132092,-86.21472121126916,2967,0,0,0.0,0,69.83888888888889,0.0,2.965970719644418,0.9806451612903225,21,155,0.6310451864325346,77,41,1.1025375865086309,0.5870654681409594,0.0,83.0,0
policy,none,0.0,180,7425421,18,5.8961591298431354e-05,0,0,18,-0.02194317013975178,-66.24643065191063,3019,0,0,0.0,0,75.25833333333334,0.0,3.7974304108327246,0.9807692307692307,24,156,0.3690489911582725,60,43,0.7972539032222344,0.571365297309268,0.0,67.64285714285714,0
policy,none,0.0,181,7433340,21,6.396688146459312e-05,0,0,21,-0.073152086988275,-249.59492080399428,3412,15,66,0.0038686987104337633,2,99.25833333333334,0.020149441692553102,4.270746589205223,0.9731182795698925,33,186,0.5319411707642262,106,59,1.0679204097053143,0.5944085299303165,0.0,59.68421052631579,0
policy,none,0.0,182,7441259,22,7.486693145408854e-05,0,0,22,-0.04320760941698869,-141.46171323122095,3274,0,0,0.0,0,99.76527777777778,0.0,7.048655154357651,0.9644670050761421,40,197,0.9735051270922254,131,54,1.313082095474099,0.541270482103827,0.0,37.09090909090909,0
policy,none,0.0,183,7449178,21,9.510044236915886e-05,0,0,21,-0.03375757450123677,-92.79957230389988,2749,0,0,0.0,0,79.93194444444444,0.0,3.2915924061813366,0.9775280898876404,34,178,0.6262228414586755,104,68,1.3011068443641294,0.8507237059303923,0.0,47.310344827586206,0
policy,none,0.0,184,7457097,18,8.746995992240563e-05,0,0,18,-0.11179843736230205,-277.595519970596,2483,21,99,0.00797422472815143,2,61.86527777777778,0.032328311968210496,3.3634549450219913,0.9801324503311258,29,151,0.6587579419222305,84,54,1.3577891026648408,0.8728644231416833,0.0,42.016949152542374,0
policy,none,0.0,185,7465016,20,5.7474121481382705e-05,0,0,20,-0.038479175371001054,-138.25567710800678,3593,4,15,0.0008349568605622043,1,99.56388888888888,0.0100438021370979,5.393983468663133,0.9712643678160919,32,174,0.635483910032573,88,46,0.8838545880646151,0.4620148983065034,0.0,66.24074074074075,0
policy,none,0.0,186,7472935,23,4.8119530538091206e-05,0,0,23,-0.04873032407635557,-190.97414005523748,3919,9,44,0.002245470783363103,1,124.91944444444445,0.008005158880167219,4.650062488050515,0.9794871794871794,37,195,0.4455293052211142,121,55,0.9686242245002334,0.440283738409197,0.0,63.064516129032256,0
policy,none,0.0,187,7480854,23,6.431529004706323e-05,0,0,23,-0.03060793022332788,-114.16757973301299,3730,0,0,0.0,0,118.86527777777778,0.0,4.692924089925767,0.9903381642512077,45,207,0.5383775200172571,205,68,1.724641576013928,0.5720762300924249,0.0,44.34146341463415,0
policy,none,0.0,188,7488773,16,5.727784704052069e-05,0,0,16,-0.01754348503678047,-58.91102275350882,3358,0,0,0.0,0,74.41388888888889,0.0,2.551301872387095,0.9933333333333333,22,150,0.35637242819147935,98,26,1.3169584530964202,0.3493971406174176,0.0,66.94,0
policy,none,0.0,189,7496692,16,8.111566134496916e-05,0,0,16,-0.13361549535255327,-354.2146781796187,2651,24,107,0.008072425499811391,3,58.71805555555556,0.051091610095323696,3.2533380428275187,0.9712230215827338,20,139,0.8856870002027879,104,31,1.7711758166378881,0.5279466376516782,0.0,55.21739130434783,0
policy,none,0.0,190,7504611,20,6.849228298486728e-05,0,0,20,-0.06350143911442077,-197.29897132850533,3107,4,18,0.0011586739620212424,1,86.06527777777778,0.011619087578872625,6.102512572118693,0.9826589595375722,35,173,0.9609321385268332,164,72,1.9055303629351106,0.8365743056788291,0.0,45.294117647058826,0
policy,none,0.0,191,7512530,20,6.492206873248365e-05,0,0,20,-0.16334491718623917,-564.5200337956426,3456,41,195,0.011284722222222222,3,95.75694444444444,0.03132932047284067,3.9832608386480897,0.9885714285714285,26,175,0.6448507210056462,157,68,1.6395677714119952,0.7101312640510552,0.0,62.41818181818182,0
policy,none,0.0,192,7520449,17,9.226754743885333e-05,0,0,17,-0.05721738949927973,-139.20990865174758,2433,6,29,0.002383888203863543,1,57.25,0.017467248908296942,3.139135062042744,0.9929078014184397,28,141,0.6788976463537415,83,51,1.4497816593886463,0.8908296943231441,0.0,51.276595744680854,0
policy,none,0.0,193,7528368,26,5.131326747208924e-05,0,0,26,-0.23622232350902386,-964.4957468873445,4083,75,352,0.017242223855008572,6,147.14166666666668,0.04077702894036359,5.841267360729123,0.9629629629629629,41,216,0.8713094898240045,146,65,0.9922410375488474,0.4417511468539389,0.0,55.148648648648646,0
policy,none,0.0,194,7536287,21,7.501509625411007e-05,0,0,21,-0.03770917546499444,-112.18479700835847,2975,0,0,0.0,0,86.53333333333333,0.0,3.240690827169898,0.9824561403508771,26,171,0.6269540810420491,83,40,0.9591679506933745,0.4622496147919877,0.0,63.76086956521739,0
policy,none,0.0,195,7544206,17,4.942537490193994e-05,0,0,17,-0.024266043631472226,-95.60821190800057,3940,0,0,0.0,0,92.81527777777778,0.0,9.83387242137813,0.9673202614379085,30,153,0.5742455630077398,85,31,0.9157975069956754,0.3339967378454816,0.0,72.90566037735849,0
policy,none,0.0,196,7552125,27,5.485250902351449e-05,0,0,27,-0.17901328333947464,-748.0965110756645,4179,52,246,0.011773151471643935,4,156.38611111111112,0.02557771896481287,9.644145796490092,0.9702127659574468,51,235,1.394223906667953,197,134,1.259702659017034,0.8568535853212312,0.0,42.81443298969072,0
policy,none,0.0,197,7560044,15,6.405280158214585e-05,0,0,15,-0.05172996475375072,-146.91309990065204,2840,9,41,0.0028873239436619717,1,58.99305555555556,0.016951147733961152,3.6132269288041754,0.976,21,125,0.44600558725625317,57,27,0.9662154208357857,0.45768098881695113,0.0,54.82,0
policy,none,0.0,198,7567963,15,5.8322195091871547e-05,0,0,15,-0.7067549583334864,-2071.498782875449,2931,184,907,0.061890139883998635,5,60.888888888888886,0.0821167883211679,7.296488091807484,0.96,24,125,2.0541413692807424,87,91,1.4288321167883213,1.4945255474452555,0.0,67.85714285714286,0
policy,none,0.0,199,7575882,17,8.529981270200484e-05,0,0,17,-0.13607721201361958,-403.06070198434116,2962,25,111,0.0074949358541526,4,69.71388888888889,0.05737737578196597,5.7293470441917815,0.98125,24,160,1.1146756475750712,178,68,2.553293222297486,0.9754153882934216,0.0,58.4,0
